<?xml version="1.0" encoding="UTF-8"?>
<project-private xmlns="http://www.netbeans.org/ns/project-private/1">
    <editor-bookmarks xmlns="http://www.netbeans.org/ns/editor-bookmarks/2" lastBookmarkId="0"/>
    <open-files xmlns="http://www.netbeans.org/ns/projectui-open-files/2">
        <group>
            <file>file:/C:/Users/fa20-bse-018/Documents/NetBeansProjects/SE%20PRINCIPLES/src/withlowcoupling/Main.java</file>
            <file>file:/C:/Users/fa20-bse-018/Documents/NetBeansProjects/SE%20PRINCIPLES/src/without/grasp/nograsp.java</file>
            <file>file:/C:/Users/fa20-bse-018/Documents/NetBeansProjects/SE%20PRINCIPLES/src/without/grasp/Book.java</file>
            <file>file:/C:/Users/fa20-bse-018/Documents/NetBeansProjects/SE%20PRINCIPLES/src/with/modularity/modularity.java</file>
            <file>file:/C:/Users/fa20-bse-018/Documents/NetBeansProjects/SE%20PRINCIPLES/src/withoutlowcoupling/Calculator.java</file>
            <file>file:/C:/Users/fa20-bse-018/Documents/NetBeansProjects/SE%20PRINCIPLES/src/with/grasp/Grasp.java</file>
            <file>file:/C:/Users/fa20-bse-018/Documents/NetBeansProjects/SE%20PRINCIPLES/src/withoutlowcoupling/Main.java</file>
            <file>file:/C:/Users/fa20-bse-018/Documents/NetBeansProjects/SE%20PRINCIPLES/src/Low/Coupling/ReadMe</file>
            <file>file:/C:/Users/fa20-bse-018/Documents/NetBeansProjects/SE%20PRINCIPLES/src/grasp/ReadMe</file>
            <file>file:/C:/Users/fa20-bse-018/Documents/NetBeansProjects/SE%20PRINCIPLES/src/without/modularity/nomodularity.java</file>
            <file>file:/C:/Users/fa20-bse-018/Documents/NetBeansProjects/SE%20PRINCIPLES/src/with/modularity/Book.java</file>
            <file>file:/C:/Users/fa20-bse-018/Documents/NetBeansProjects/SE%20PRINCIPLES/src/Modularity/ReadMe</file>
            <file>file:/C:/Users/fa20-bse-018/Documents/NetBeansProjects/SE%20PRINCIPLES/src/with/grasp/Book.java</file>
            <file>file:/C:/Users/fa20-bse-018/Documents/NetBeansProjects/SE%20PRINCIPLES/src/withlowcoupling/BasicCalculator.java</file>
            <file>file:/C:/Users/fa20-bse-018/Documents/NetBeansProjects/SE%20PRINCIPLES/src/withlowcoupling/Calculator.java</file>
        </group>
    </open-files>
</project-private>
